Year, GP, OP, NP
2010,,1.2544470787692552,0,0,0.07403106185937514,0,0,0,0.08755137166742773,0.15508554535473032,0,5.860451195330914,17.395442959492975,0.0,,,,
