Year, GP, OP, NP
2010,,3.568727884591592,0,0,0.18864091856955106,0,0,0,0.22978252599166601,0.20506072139771608,0,8.77262229413223,6.809042690170212,2.39,2.87,3.94,20.27,1.1
