Year, GP, OP, NP
2010,,1.1120401337792643,0,0,0.286469101768895,0,0,0,0.15115151515151515,0.3124282104295888,0,17.21518987341772,9.630530973451327,2.47,2.85,2.24,16.18,
