Year, GP, OP, NP
2010,,1.11293025204217,0,0.12461216214702554,0,0,0,0,0,0.18841358916630263,0,21.0,13.249777382012466,3.52,3.32,6.06,26.83,2.31
