Year, GP, OP, NP
2010,,1.940685147076625,0,0.3201324623480312,-0.006713845037198331,0,0,0,-0.008534194441240917,0.028533841408092904,0,0,10.233983286908078,,,,,
