Year, GP, OP, NP
2010,,2.0470008063064,0,0,0.10083302972855238,0,0,0,0.06528275971069944,0.2377303861211144,0,8.101445894955768,6.305633206344696,1.92,2.56,2.7,24.24,1.53
