Year, GP, OP, NP
2010,,1.4106630879033735,0,0,0.03510761111569226,0,0,0,0.04168808597096766,0.09515956130947473,0,-7.2125,8.877745241581259,,,,,
