Year, GP, OP, NP
2010,,1.2217519707927353,0,0,0.08848383266987918,0,0,0,0.14117778149200513,0.11679411970109645,0,0,10.171550346297282,3.73,0.62,2.42,13.91,2.08
