Year, GP, OP, NP
2010,,2.6411407446527595,0,0.3520044810754581,0.22210663892667573,0,0,0,0.33563079403466345,0.25595476247632765,0,0,0,6.33,3.42,5.04,16.42,1.31
