Year, GP, OP, NP
2010,,1.3592300427754014,0,0.4572463919463648,0,0,0,0,0,0.2169322667557802,0,6.026399767914128,6.760183551006,17.91,1.97,11.12,12.22,1.31
