Year, GP, OP, NP
2010,,2.0431829209121783,0,0,0,0,0,0,0,0.10187251984126984,0,2.842560553633218,7.196787148594377,4.53,0.66,2.15,13.74,1.63
