Year, GP, OP, NP
2014,,0,0,0.610381620056908,-1.1642209511758312,0,0,0,0,-0.767478872113571,0,-36.1037903790379,33.049492706781706,-0.34,10.36,3.36,,
