Year, GP, OP, NP
2010,,2.7464788732394365,0,0.5075034106412005,-0.13287858117326057,0,0,0,-0.13749294184076793,0.0922237380627558,0,0,10.353107344632768,,,,,
