Year, GP, OP, NP
2010,,2.092593682879229,0,0.6508345215433944,0.093698204294927,0,0,0,0.049995349569183445,0.24008387436096013,0,0,7.277306535045462,1.51,2.12,1.64,19.55,1.16
