Year, GP, OP, NP
2010,,1.258820763954436,0,0.05049792555041773,0,0,0,0,0,0.03313528460540789,0,0,11.38063161293246,1.0,0.24,2.85,13.84,0.82
