Year, GP, OP, NP
2010,,4.167209226856832,0,0.6682452006126753,0,0,0,0,0,0.311780112814567,0,33.69855334538879,6.849876229113663,1.53,6.18,3.38,25.76,2.37
