Year, GP, OP, NP
2010,,4.351396904396322,0,0,0.11900008797276905,0,0,0,0.07256538953550246,0.2890325737876052,0,20.382604109107348,8.197698082026996,1.17,1.89,1.44,16.15,1.34
