Year, GP, OP, NP
2010,,2.4545275977214693,0,0.11008937779305604,-0.10931591612237883,0,0,0,-0.04160397723555963,0.028360261258164318,0,0.14640638864241348,0.7966043677688779,,,,,
