Year, GP, OP, NP
2010,,4.806699980274837,0,0,0,0,0,0,0.04595116546142942,0,0,4.316089481608948,0,0.61,9.21,7.98,,10.94
