, current_assets, current_liabilities, inventory_net, accounts_receivable, accounts_payable, assets, ocf, cogs, revenue, gross_profit, operating_profit, tax_expense, pretax_income, net_income, liabilities_equity, liabilities, fixed_assets, capex, total_debt
2010, 1.0, 1.0, 0.6724137931034483, 0.9655172413793104, 0.9137931034482759, 1.0, 1.0, 0.9137931034482759, 0.9827586206896551, 0.7068965517241379, 0.9137931034482759, 0.9655172413793104, 0.8448275862068966, 1.0, 1.0, 0.7758620689655172, 0.9655172413793104, 0.7931034482758621, 0.2413793103448276, 
2011, 0.9893048128342246, 0.9893048128342246, 0.6577540106951871, 0.946524064171123, 0.893048128342246, 0.9893048128342246, 0.9893048128342246, 0.8770053475935828, 0.9893048128342246, 0.7486631016042781, 0.9572192513368984, 0.9786096256684492, 0.9037433155080213, 0.9893048128342246, 1.0, 0.8823529411764706, 0.9786096256684492, 0.8877005347593583, 0.1925133689839572, 
2012, 0.9747899159663865, 0.9747899159663865, 0.5987394957983193, 0.9096638655462185, 0.8781512605042017, 0.9978991596638656, 1.0, 0.907563025210084, 0.9915966386554622, 0.8067226890756303, 0.9537815126050421, 0.9600840336134454, 0.9495798319327731, 0.9348739495798319, 0.9978991596638656, 0.8634453781512605, 0.9915966386554622, 0.9390756302521008, 0.16806722689075632, 
2013, 0.9833333333333333, 0.9833333333333333, 0.5833333333333334, 0.93125, 0.8958333333333334, 1.0, 1.0, 0.9166666666666666, 0.9895833333333334, 0.8520833333333333, 0.9541666666666667, 0.96875, 0.9625, 0.93125, 0.9979166666666667, 0.8875, 0.99375, 0.9875, 0.17708333333333334, 
2014, 0.9845474613686535, 0.9823399558498896, 0.5474613686534217, 0.9359823399558499, 0.8984547461368654, 1.0, 1.0, 0.9072847682119205, 0.9911699779249448, 0.8565121412803532, 0.9580573951434879, 0.9867549668874173, 0.9735099337748344, 0.9426048565121413, 1.0, 0.8940397350993378, 0.9889624724061811, 0.9823399558498896, 0.18984547461368653, 
