, inventory, accounts_payable, capex
2010, 0.6896551724137931, 0.5517241379310345, 0.7931034482758621, 
2011, 0.679144385026738, 0.6417112299465241, 0.8877005347593583, 
2012, 0.6092436974789915, 0.7226890756302521, 0.9390756302521008, 
2013, 0.59375, 0.7708333333333334, 0.9875, 
2014, 0.5584988962472406, 0.7792494481236203, 0.9823399558498896, 
